date,compound,count
2023-01-01,0.2200376868096166,1539
2023-01-02,0.1703734400883489,1811
2023-01-03,0.1875334568554791,1889
2023-01-04,0.2074422043010753,1860
2023-01-05,0.1971367436057392,1603
2023-01-06,0.2031520948180815,1814
2023-01-07,0.197303351614869,1641
2023-01-08,0.1455914285714286,1925
2023-01-09,0.19139470927187,1909
2023-01-10,0.220844073275862,1856
2023-01-11,0.2275836902800659,1821
2023-01-12,0.2388055214723926,1630
2023-01-13,0.193216417212348,2138
2023-01-14,0.1571900537634408,2232
2023-01-15,0.1820426145136387,1943
2023-01-16,0.2129479577787976,2179
2023-01-17,0.1642413716814159,1808
2023-01-18,0.1594872674418604,1720
2023-01-19,0.146808299503834,2217
2023-01-20,0.1768575176589303,1982
2023-01-21,0.1718981262729124,2455
2023-01-22,0.1951590285714285,1750
2023-01-23,0.1935267622461171,1674
2023-01-24,0.2063472903593839,1753
2023-01-25,0.1597196466431095,1415
2023-01-26,0.1703996774193548,1550
2023-01-27,0.2141656181015452,1812
2023-01-28,0.1859265644171779,1630
2023-01-29,0.2318835234474018,1578
2023-01-30,0.1935943045563549,1668
2023-01-31,0.1547664893617021,1692
2023-02-01,0.1585241223103057,1766
2023-02-02,0.1226074320576816,1803
2023-02-03,0.1639626387981711,1531
2023-02-04,0.1823033356990773,1409
2023-02-05,0.1488884700665188,1804
2023-02-06,0.1909057315233785,1326
2023-02-07,0.1402818298969072,1552
2023-02-08,0.1848054785894206,1588
2023-02-09,0.1697307086614173,1905
2023-02-10,0.1679392405063291,1501
2023-02-11,0.1623015309246785,1633
2023-02-12,0.1533020408163265,1421
2023-02-13,0.1944014202172097,1197
2023-02-14,0.2073713675213675,1170
2023-02-15,0.2210335595776772,1326
2023-02-16,0.2053340248962655,1687
2023-02-17,0.1846950980392157,1326
2023-02-18,0.2298709828393136,1282
2023-02-19,0.1962660991857883,1351
2023-02-20,0.2052618795499668,1511
2023-02-21,0.1322279367469879,1328
2023-02-22,0.1816263540824576,1237
2023-02-23,0.2036971853010164,1279
2023-02-24,0.1670846242111302,1743
2023-02-25,0.2125158495634654,1489
2023-02-26,0.1882748288973384,1315
2023-02-27,0.1924256118383608,1757
2023-02-28,0.1615108650519031,1445
2023-03-01,0.2135684842883549,1082
2023-03-02,0.1929181818181818,1089
2023-03-03,0.1501786590351594,1223
2023-03-04,0.1806116795366795,1036
2023-03-05,0.1917809132420091,1095
2023-03-06,0.1458285575048733,1026
2023-03-07,0.1949140637775961,1223
2023-03-08,0.1852544181977252,1143
2023-03-09,0.1682068027210884,1323
2023-03-10,0.1850717933491686,1684
2023-03-11,0.1400451282051282,1755
2023-03-12,0.196377649909146,1651
2023-03-13,0.1391695634599838,2474
2023-03-14,0.1570043626062322,1765
2023-03-15,0.1800354727793696,1745
2023-03-16,0.147360252728317,1741
2023-03-17,0.1714118479221927,2262
2023-03-18,0.1906919741697417,2168
2023-03-19,0.1927681349578257,2134
2023-03-20,0.1815836194895591,2155
2023-03-21,0.1676720588235294,1972
2023-03-22,0.1834564269319051,2614
2023-03-23,0.1745553037608486,2074
2023-03-24,0.2054579551981619,1741
2023-03-25,0.1827485106382979,1880
2023-03-26,0.2196993899057127,1803
2023-03-27,0.1870407506702412,1492
2023-03-28,0.1947663164039696,1713
2023-03-29,0.2292050251256281,1592
2023-03-30,0.22351745502998,1501
2023-03-31,0.1839730358265242,1591
2023-04-01,0.1829788542544229,2374
2023-04-02,0.1995673457508731,3436
2023-04-03,0.1528435079726651,3512
2023-04-04,0.1414544520547945,3504
2023-04-05,0.1586144900497512,3216
2023-04-06,0.1972841494845361,3104
2023-04-07,0.2222154200230149,3476
2023-04-08,0.2062251851851851,2970
2023-04-09,0.193947397047397,2574
2023-04-10,0.1736638285024154,3312
2023-04-11,0.1385901222493887,4090
2023-04-12,0.1426584298584298,3108
2023-04-13,0.2303975121687398,3698
2023-04-14,0.1932157743235463,3474
2023-04-15,0.1711984364820847,3070
2023-04-16,0.1531991537376587,2836
2023-04-17,0.1742801781737193,2694
2023-04-18,0.2083711811023622,2540
2023-04-19,0.1659727272727272,2618
2023-04-20,0.1973769431743958,3062
2023-04-21,0.1864154805575935,2726
2023-04-22,0.2294555641421947,2588
2023-04-23,0.2249312544294826,2822
2023-04-24,0.2059900302114803,3310
2023-04-25,0.1530262828535669,3196
2023-04-26,0.1986558176100629,2544
2023-04-27,0.2025901554404145,2702
2023-04-28,0.1780165270373191,2626
2023-04-29,0.1877406345957011,1954
2023-04-30,0.2098469758064516,1984
2023-05-01,0.2035876948318293,2438
2023-05-02,0.1588162037037037,2592
2023-05-03,0.1713690233236151,2744
2023-05-04,0.1609925976696367,2918
2023-05-05,0.1453134933774834,2416
2023-05-06,0.1315612701252236,2236
2023-05-07,0.1768505112474437,1956
2023-05-08,0.174927946365561,2834
2023-05-09,0.2126520337682271,2606
2023-05-10,0.2236486013986014,2860
2023-05-11,0.175419726858877,2636
2023-05-12,0.2048733535967578,1974
2023-05-13,0.1333321258341277,2098
2023-05-14,0.1439005417956656,2584
2023-05-15,0.1632717179294823,2666
2023-05-16,0.156942384769539,3992
2023-05-17,0.2052579915878023,3804
2023-05-18,0.2155822365165759,4042
2023-05-19,0.1725150632911392,3160
2023-05-20,0.2174333560709413,2932
2023-05-21,0.1563091828793774,2570
2023-05-22,0.1763144503546099,2256
2023-05-23,0.1908155855855855,2220
2023-05-24,0.2213008880994671,2252
2023-05-25,0.1895589928057554,1946
2023-05-26,0.1803198104265403,2110
2023-05-27,0.1572989239046887,2602
2023-05-28,0.1546774398868458,2828
2023-05-29,0.1980273476112026,2428
2023-05-30,0.1812912454873646,2216
2023-05-31,0.1504414808206958,2242
2023-06-01,0.1580852447041636,2738
2023-06-02,0.195372011251758,2844
2023-06-03,0.1958034791252485,2012
2023-06-04,0.2225679261862917,2276
2023-06-05,0.1618944947209653,2652
2023-06-06,0.1673010262989095,3118
2023-06-07,0.210409,2400
2023-06-08,0.197893468013468,2970
2023-06-09,0.1984615020297699,2956
2023-06-10,0.2024446902654867,2712
2023-06-11,0.1944504643962848,3230
2023-06-12,0.1306640410958904,584
2023-06-13,0.4147916666666666,96
2023-06-14,0.1881316103379721,1006
2023-06-15,0.1867055962691539,3002
2023-06-16,0.2188151208106001,2566
2023-06-17,0.2235325189553496,2374
2023-06-18,0.2437710397766922,2866
2023-06-19,0.2204905814905814,2442
2023-06-20,0.2236082811412665,2874
2023-06-21,0.2027333735666868,3314
2023-06-22,0.1924124223602484,2898
2023-06-23,0.2041690823774765,3836
2023-06-24,0.2359467680608364,2630
2023-06-25,0.2215792345276872,2456
2023-06-26,0.1964489942528735,2784
2023-06-27,0.2018961410512308,3006
2023-06-28,0.2039834311806914,3066
2023-06-29,0.2052757204610951,2776
2023-06-30,0.1879789855072463,3312
2023-07-01,0.2641551566579634,3064
2023-07-02,0.2281583993660856,2524
2023-07-03,0.2123619219653179,2768
2023-07-04,0.1809433040614709,3644
2023-07-05,0.2073458536585366,2870
2023-07-06,0.1970627906976744,2666
2023-07-07,0.1846001593625498,2510
2023-07-08,0.2167851471594798,2922
2023-07-09,0.2128889358108108,2368
2023-07-10,0.2054916175507531,3054
2023-07-11,0.2342999999999999,3012
2023-07-12,0.2531014714537963,3398
2023-07-13,0.1905933467741935,2976
2023-07-14,0.1921675324675324,2772
2023-07-15,0.2011592114208022,2942
2023-07-16,0.2030179487179487,2340
2023-07-17,0.214535987002437,2462
2023-07-18,0.2219306416726748,2774
2023-07-19,0.2102761316872428,2916
2023-07-20,0.192140811808118,2710
2023-07-21,0.1991547514619883,2736
2023-07-22,0.1876157998037291,2038
2023-07-23,0.1759217547000895,2234
2023-07-24,0.1576165354330708,2794
2023-07-25,0.1939340607210626,2108
2023-07-26,0.19502,2710
2023-07-27,0.2369203426124196,2802
2023-07-28,0.2024342067988668,2824
2023-07-29,0.1982667785234899,2384
2023-07-30,0.2154658747300216,2778
2023-07-31,0.1696276517473942,3262
2023-08-01,0.1817364987613542,2422
2023-08-02,0.1716063503649635,2740
2023-08-03,0.157900399733511,3002
2023-08-04,0.1824813548387097,3100
2023-08-05,0.2236171561051004,2588
2023-08-06,0.1881204357625845,2662
2023-08-07,0.2178824955116696,2228
2023-08-08,0.1782533036377134,2694
2023-08-09,0.2105637218045113,3192
2023-08-10,0.175550625,3200
2023-08-11,0.2172765972720746,2786
2023-08-12,0.1986766990291262,3090
2023-08-13,0.1891060492905153,2678
2023-08-14,0.1807643970467596,2438
2023-08-15,0.2053285936285936,2574
2023-08-16,0.1718096262740656,3532
2023-08-17,0.2173667635095874,3442
2023-08-18,0.1843583241455347,3628
2023-08-19,0.1915885784716516,2434
2023-08-20,0.1585491525423729,3422
2023-08-21,0.1935238855622089,3006
2023-08-22,0.1908460408684547,3132
2023-08-23,0.2326957821676455,3746
2023-08-24,0.2034012673506336,3314
2023-08-25,0.2283628249566724,2308
2023-08-26,0.2243516840882694,1722
2023-08-27,0.1864835111542192,2062
2023-08-28,0.1737304039688164,2822
2023-08-29,0.2098104776579352,2596
2023-08-30,0.2246993095512083,3476
2023-08-31,0.244640326009922,2822
2023-09-01,0.1954560711523588,2586
2023-09-02,0.1996491816693944,2444
2023-09-03,0.1482357894736842,3040
2023-09-04,0.2498980614973261,2992
2023-09-05,0.2401375699888018,3572
2023-09-06,0.2279801490154337,3758
2023-09-07,0.2166447297297297,2960
2023-09-08,0.17687575030012,3332
2023-09-09,0.2257471316818774,3068
2023-09-10,0.1797524317121918,3002
2023-09-11,0.1915912790697674,3440
2023-09-12,0.1898546993578517,3426
2023-09-13,0.1864802617230098,3668
2023-09-14,0.2338945355191256,3294
2023-09-15,0.1960548767416934,3732
2023-09-16,0.2007271051014136,3254
2023-09-17,0.2008899702823179,2692
2023-09-18,0.1587833699633699,2730
2023-09-19,0.1960729411764706,3230
2023-09-20,0.2014990727532097,2804
2023-09-21,0.1969032028469751,2810
2023-09-22,0.1882076119402985,2680
2023-09-23,0.1788557916381083,2918
2023-09-24,0.2430790267639902,4110
2023-09-25,0.217438141025641,3744
2023-09-26,0.2053536135315223,3902
2023-09-27,0.1552399066511085,3428
2023-09-28,0.1635391812865497,3420
2023-09-29,0.2086923326835607,3078
2023-09-30,0.1728342228152101,2998
2023-10-01,0.1910686534216335,3624
2023-10-02,0.2177188764044944,3560
2023-10-03,0.1708771238200999,3602
2023-10-04,0.2024351766513057,3906
2023-10-05,0.2033365088105727,3632
2023-10-06,0.188103889216264,3394
2023-10-07,0.1848220955096222,2806
2023-10-08,0.1254010411502231,4034
2023-10-09,0.1426399442896936,3590
2023-10-10,0.1466772879464286,3584
2023-10-11,0.2070991508491508,4004
2023-10-12,0.1987761495704901,3958
2023-10-13,0.201521554054054,2960
2023-10-14,0.1728219787985865,2830
2023-10-15,0.1592195918367346,2940
2023-10-16,0.1438779319041614,3172
2023-10-17,0.152187617370892,3408
2023-10-18,0.1808437931034482,3480
2023-10-19,0.1879736519607843,3264
2023-10-20,0.1963006777572397,3246
2023-10-21,0.2079388484848485,3300
2023-10-22,0.1552824109589041,3650
2023-10-23,0.184053118574366,5836
2023-10-24,0.2088039397450753,6904
2023-10-25,0.2147282327586206,5568
2023-10-26,0.2247992323796231,5732
2023-10-27,0.1854752803510482,4102
2023-10-28,0.2011942766295707,3774
2023-10-29,0.2075379765395894,4092
2023-10-30,0.220172680890538,4312
2023-10-31,0.1743239141543178,3914
2023-11-01,0.1890327877507919,3788
2023-11-02,0.1890883819180397,4734
2023-11-03,0.1524944689378757,4990
2023-11-04,0.1735087631724902,3606
2023-11-05,0.1469652597402597,3080
2023-11-06,0.2056176742395071,5194
2023-11-07,0.203672048192771,4150
2023-11-08,0.2153850088183421,4536
2023-11-09,0.1738313295615275,5656
2023-11-10,0.19702558936991,4666
2023-11-11,0.1983745307167235,4688
2023-11-12,0.1679969626168224,4280
2023-11-13,0.2177949525237381,4002
2023-11-14,0.1735924458774758,4342
2023-11-15,0.207477826276735,4582
2023-11-16,0.1966668639053254,4732
2023-11-17,0.2089279338842975,4840
2023-11-18,0.1606839094908862,3182
2023-11-19,0.2336355932203389,3422
2023-11-20,0.1847475779376498,4170
2023-11-21,0.1588458811261731,3836
2023-11-22,0.1516140838206628,4104
2023-11-23,0.1748746724890829,5496
2023-11-24,0.1691273378264532,4748
2023-11-25,0.1935020175438596,4560
2023-11-26,0.2064969932432432,5920
2023-11-27,0.1616890410958903,4964
2023-11-28,0.1650093663911845,4356
2023-11-29,0.1833867792421746,4856
2023-11-30,0.2186475507174666,4042
2023-12-01,0.1780294167016366,4766
2023-12-02,0.1737224516695957,4552
2023-12-03,0.1767551247600767,5210
2023-12-04,0.2099787760024118,6634
2023-12-05,0.2203643990237949,6556
2023-12-06,0.189067281553398,8240
2023-12-07,0.1978706077015644,6648
2023-12-08,0.1951379933110368,5980
2023-12-09,0.1905114346895075,4670
2023-12-10,0.1764374193548387,4960
2023-12-11,0.1810104281009879,5466
2023-12-12,0.2220557382439987,6082
2023-12-13,0.1998192065257694,5394
2023-12-14,0.187587127578304,5236
2023-12-15,0.1888638645872955,5258
2023-12-16,0.1725600069979006,5716
2023-12-17,0.1522717251793129,5298
2023-12-18,0.1722675595238095,4704
2023-12-19,0.2297642475987193,5622
2023-12-20,0.1856929032258064,4960
2023-12-21,0.1868125183016105,5464
2023-12-22,0.2100401293103448,4640
2023-12-23,0.1979979820627802,4460
2023-12-24,0.2170288623944361,4026
2023-12-25,0.2171178726769474,5058
2023-12-26,0.2070759917355371,4840
2023-12-27,0.2052753436068305,4802
2023-12-28,0.1772748668796592,5634
2023-12-29,0.1999232337434095,5690
2023-12-30,0.2037415982076176,5356
2023-12-31,0.1865571023876973,4942
2024-01-01,0.1994106211474632,4218
2024-01-02,0.1794421242588296,7758
2024-01-03,0.201120819112628,7032
2024-01-04,0.1930208655876143,5684
2024-01-05,0.2383791331802526,6968
2024-01-06,0.1753119120512106,7186
2024-01-07,0.2017975587144622,6472
2024-01-08,0.1967358504398827,8184
2024-01-09,0.1596047275641025,9984
2024-01-10,0.1634089748334567,10808
2024-01-11,0.2154156170859361,11846
2024-01-12,0.1809959726443769,10528
2024-01-13,0.1655832609251214,7826
2024-01-14,0.1866931478968792,5896
2024-01-15,0.2045073508005822,5496
2024-01-16,0.1819602070527337,6182
2024-01-17,0.1524273825065274,6128
2024-01-18,0.1857049439683586,6068
2024-01-19,0.2074998849913743,6956
2024-01-20,0.1923712648221343,5060
2024-01-21,0.1685374830239927,4418
2024-01-22,0.1729371233427079,4978
2024-01-23,0.1866356100795756,6032
2024-01-24,0.2017167001204335,4982
2024-01-25,0.2050611494252874,4350
2024-01-26,0.1725205772113943,5336
2024-01-27,0.1804924062214089,4372
2024-01-28,0.2173019113814074,4604
2024-01-29,0.173013246519982,4454
2024-01-30,0.1975259745127436,5336
2024-01-31,0.1847038986354775,5130
2024-02-01,0.188707342143906,4086
2024-02-02,0.2120203791469194,5064
2024-02-03,0.1760020164986251,4364
2024-02-04,0.2107699759036144,4150
2024-02-05,0.204557476403378,4026
2024-02-06,0.1639266036993309,5082
2024-02-07,0.1690210659898477,4728
2024-02-08,0.1830540247098465,5342
2024-02-09,0.1949194968553459,6678
2024-02-10,0.2146438383838384,4950
2024-02-11,0.2019668324525955,6434
2024-02-12,0.2013236812570146,7128
2024-02-13,0.2083662733812949,6950
2024-02-14,0.2032469243459816,8486
2024-02-15,0.2067962614508542,8078
2024-02-16,0.1951325581395348,3526
2024-02-17,0.2107977552275522,3252
2024-02-18,0.1921567397178024,3331
2024-02-19,0.2224963302752293,4033
2024-02-20,0.1956480581167924,3579
2024-02-21,0.1852237432894095,4098
2024-02-22,0.171840222521915,2966
2024-02-23,0.1664595005062437,2963
2024-02-24,0.1900057925771765,2883
2024-02-25,0.2076933463796477,3066
2024-02-26,0.2020675762910798,3408
2024-02-27,0.2122998908495543,5497
2024-02-28,0.1904960287572749,8763
2024-02-29,0.1967782956685499,6372
2024-03-01,0.2291325860069578,5174
2024-03-02,0.2237734714003944,5070
2024-03-03,0.1999392370572207,4404
2024-03-04,0.2125871791613723,7870
2024-03-05,0.2062012136862492,7745
2024-03-06,0.2032423739237392,6504
2024-03-07,0.2015694699646643,5660
2024-03-08,0.20761155126498,6008
2024-03-09,0.2012249166176181,5097
2024-03-10,0.2103052289815447,5852
2024-03-11,0.2159794200563834,7449
2024-03-12,0.2061411848341232,6330
2024-03-13,0.2051360834088848,6618
2024-03-14,0.1971011210023079,6066
2024-03-15,0.1955023878205128,6240
2024-03-16,0.2079595823857763,4837
2024-03-17,0.1958253264925373,4288
2024-03-18,0.235694767307247,4319
2024-03-19,0.1970483856988082,4615
2024-03-20,0.189245368802902,4135
2024-03-21,0.2152125715844014,3667
2024-03-22,0.1756628622723775,3899
2024-03-23,0.2108379807692308,3120
2024-03-24,0.2192248513302034,3195
2024-03-25,0.1821540447504303,4067
2024-03-26,0.1662560159362549,3765
2024-03-27,0.2017631123206333,4042
2024-03-28,0.1681283205004812,4156
2024-03-29,0.2011969776609724,3044
2024-03-30,0.2270389456697149,3718
2024-03-31,0.2193969174503657,3828
2024-04-01,0.2170281522370714,3442
2024-04-02,0.1821613914373088,3924
2024-04-03,0.1212088919763806,2879
2024-04-04,0.201176914893617,3760
2024-04-05,0.2022802301009626,4259
2024-04-06,0.2079345160448734,3833
2024-04-07,0.2125039155705108,3269
2024-04-08,0.1938446434181589,3183
2024-04-09,0.2023600993861444,3421
2024-04-10,0.1994292514534883,2752
2024-04-11,0.2052115087433916,2459
2024-04-12,0.2186296758846268,3363
2024-04-13,0.1362596104725414,3132
2024-04-14,0.1280114172110196,3521
2024-04-15,0.2081365128205128,2925
2024-04-16,0.2031820369149637,3034
2024-04-17,0.1916301943607993,3653
2024-04-18,0.2204631496474275,3829
2024-04-19,0.1846172550969667,4022
2024-04-20,0.1944973920358945,3566
2024-04-21,0.2012340334500194,2571
2024-04-22,0.177267720866277,2909
2024-04-23,0.2017911990187059,3261
2024-04-24,0.2065730376766091,2548
2024-04-25,0.1875055651423641,2318
2024-04-26,0.1773862946647087,2043
2024-04-27,0.1855051960321209,2117
2024-04-28,0.2210034707158351,1844
2024-04-29,0.1833654921700223,1788
2024-04-30,0.1481358648377383,2989
2024-05-01,0.1412598852901484,2964
2024-05-02,0.2084135079609655,1947
2024-05-03,0.1949192692307692,2600
2024-05-04,0.18139329004329,2772
2024-05-05,0.2025298800959232,2085
2024-05-06,0.1826620982986767,2116
2024-05-07,0.1647375284306292,2638
2024-05-08,0.1791388094139363,2167
2024-05-09,0.1834375961538461,2080
2024-05-10,0.1738210905349794,1944
2024-05-11,0.2270039638386648,1438
2024-05-12,0.1943114832535885,1881
2024-05-13,0.2026211889346674,1699
2024-05-14,0.170991528150134,1865
2024-05-15,0.2050939324556382,1747
2024-05-16,0.2551540056022409,1785
2024-05-17,0.1956328386787937,2089
2024-05-18,0.2346221093749999,1280
2024-05-19,0.2177099378881987,1610
2024-05-20,0.1853741918932786,1949
2024-05-21,0.1723956457015258,2687
2024-05-22,0.206512836123795,1971
2024-05-23,0.1926512195121951,2132
2024-05-24,0.1867500237079184,2109
2024-05-25,0.1694023521932612,1573
2024-05-26,0.1982230093071354,1934
2024-05-27,0.1972459937565036,1922
2024-05-28,0.1839456692913386,1778
2024-05-29,0.1724886326194398,1821
2024-05-30,0.2135658997050147,1695
2024-05-31,0.2287457769181173,1551
2024-06-01,0.2055927957699933,1513
2024-06-02,0.2203427104722792,1948
2024-06-03,0.2190313345091123,1701
2024-06-04,0.2117589312221672,2021
2024-06-05,0.2238793642785065,1982
2024-06-06,0.1617122872340425,1880
2024-06-07,0.1869779332129963,2216
2024-06-08,0.1688401724137931,1740
2024-06-09,0.1861855508729681,1661
2024-06-10,0.1848383864337101,1946
2024-06-11,0.1787824902723735,1799
2024-06-12,0.1806527989252127,2233
2024-06-13,0.2079148625911385,1783
2024-06-14,0.1768835109717868,1595
2024-06-15,0.1758,1403
2024-06-16,0.2178449506454062,1317
2024-06-17,0.2246325718496684,1357
2024-06-18,0.1758766502463054,2030
2024-06-19,0.1777492483894058,1397
2024-06-20,0.2138461168935148,1249
2024-06-21,0.1877452527743526,1622
2024-06-22,0.2268524802300503,1391
2024-06-23,0.1981897594077729,1621
2024-06-24,0.1757903632694248,1982
2024-06-25,0.1933274758454106,1656
2024-06-26,0.2271848171152519,1449
2024-06-27,0.2352306690349319,1689
2024-06-28,0.1982505686789151,1143
2024-06-29,0.2223913043478261,1403
2024-06-30,0.211969023034154,1259
2024-07-01,0.2225718540580789,1343
2024-07-02,0.2137850793650793,1575
2024-07-03,0.1708022807017544,1710
2024-07-04,0.1603303441589917,2063
2024-07-05,0.1541631381381381,2664
2024-07-06,0.1721254218222722,1778
2024-07-07,0.1842193808049535,1615
2024-07-08,0.1736110262008733,1832
2024-07-09,0.1919605882352941,1870
2024-07-10,0.1671349659020458,1613
2024-07-11,0.2136007655502392,2090
2024-07-12,0.1602896532120523,1759
2024-07-13,0.1685652119700748,1604
2024-07-14,0.1940312056737588,1269
2024-07-15,0.1883731948051948,1925
2024-07-16,0.1828536174430129,2018
2024-07-17,0.1950277628032345,1855
2024-07-18,0.1937473657024793,1936
2024-07-19,0.1895325744308231,1713
2024-07-20,0.2038710362047441,1602
2024-07-21,0.1948695454545454,1980
2024-07-22,0.2169024231127679,2146
2024-07-23,0.2153279816513761,1962
2024-07-24,0.2032122807017544,1653
2024-07-25,0.2032783878504673,1712
2024-07-26,0.2041410080896079,1607
2024-07-27,0.1870544051969143,2463
2024-07-28,0.1856116420503909,2302
2024-07-29,0.1730396536412078,2252
2024-07-30,0.1920850831600831,1924
2024-07-31,0.2023325960419091,1718
2024-08-01,0.2000657718120805,2533
2024-08-02,0.1508308699719364,2138
2024-08-03,0.1647690659340659,1820
2024-08-04,0.1742064892623716,2142
2024-08-05,0.1491174668028601,3916
2024-08-06,0.216559266907589,1937
2024-08-07,0.197416657319125,1783
2024-08-08,0.2076663209273947,1639
2024-08-09,0.2286396259243149,2299
2024-08-10,0.2190473466574776,1451
2024-08-11,0.2275895637769188,1811
2024-08-12,0.1725650414431984,2051
2024-08-13,0.202187852956846,1877
2024-08-14,0.2064040387722132,1857
2024-08-15,0.1863299270072992,1918
2024-08-16,0.2006762864493996,2332
2024-08-17,0.2053244584206848,1431
2024-08-18,0.1990437327823691,1452
2024-08-19,0.1909416024653313,1947
2024-08-20,0.1893406081412457,2039
2024-08-21,0.1882978534764349,2143
2024-08-22,0.2290553555750658,2278
2024-08-23,0.2608892764857881,1548
2024-08-24,0.195475015015015,1665
2024-08-25,0.2030318503538928,1978
2024-08-26,0.2444985114300903,1881
2024-08-27,0.20957581799591,1956
2024-08-28,0.1737741312741312,2072
2024-08-29,0.1514284035259549,2042
2024-08-30,0.1943053378378378,1480
2024-08-31,0.1836224264705882,1632
2024-09-01,0.1811870744010088,1586
2024-09-02,0.2485816746739876,1457
2024-09-03,0.1851150991682661,1563
2024-09-04,0.2188544326241135,1692
2024-09-05,0.2109320047590719,1681
2024-09-06,0.1861188338732068,2161
2024-09-07,0.1826939871570344,1713
2024-09-08,0.2084352905569007,1652
2024-09-09,0.204574356617647,2176
2024-09-10,0.2040874491180461,1474
2024-09-11,0.1956576086956521,1288
2024-09-12,0.2146252095808383,1670
2024-09-13,0.1915274825174825,1430
2024-09-14,0.1353622584541063,1656
2024-09-15,0.1920730247406225,1253
2024-09-16,0.1901687463213655,1699
2024-09-17,0.1656504013761467,1744
2024-09-18,0.1877690054495913,1468
2024-09-19,0.1882947526236881,2001
2024-09-20,0.2046355474452555,1370
2024-09-21,0.1792154356060606,1056
2024-09-22,0.219153830369357,1462
2024-09-23,0.2120211720226843,1587
2024-09-24,0.1882511482254697,1437
2024-09-25,0.1547475467880627,1977
2024-09-26,0.1986279069767441,1935
2024-09-27,0.1934654456654456,1638
2024-09-28,0.1719174045801526,1965
2024-09-29,0.139721283509342,1231
2024-09-30,0.1921852216748768,1421
2024-10-01,0.1928265415549598,1492
2024-10-02,0.1678813936781609,1392
2024-10-03,0.1880408410548824,1403
2024-10-04,0.1758430267062314,1348
2024-10-05,0.1963664233576642,1096
2024-10-06,0.1860759975445058,1629
2024-10-07,0.1912617482951022,1613
2024-10-08,0.1812524566473988,1384
2024-10-09,0.1831308435286542,1553
2024-10-10,0.1752854457246816,1649
2024-10-11,0.2225060363247863,1872
2024-10-12,0.1686528718703976,1358
2024-10-13,0.1962945091514143,1803
2024-10-14,0.1643906542056074,1712
2024-10-15,0.1912686946249261,1693
2024-10-16,0.2000678039404132,2081
2024-10-17,0.1988961057023644,2157
2024-10-18,0.2224982236842105,1520
2024-10-19,0.2097866292134831,1780
2024-10-20,0.1895338461538461,1430
2024-10-21,0.1956157336476134,1697
2024-10-22,0.2073679478827361,1535
2024-10-23,0.1709082225913621,1204
2024-10-24,0.1920847475273295,1921
2024-10-25,0.1985353057199211,1521
2024-10-26,0.2464476910159529,1191
2024-10-27,0.2113591216216216,1184
2024-10-28,0.2479294750158127,1581
2024-10-29,0.2141784443525031,2417
2024-10-30,0.1828056756756756,1850
2024-10-31,0.2116776595744681,2068
2024-11-01,0.2319331745086361,1679
2024-11-02,0.1691456431535269,1687
2024-11-03,0.1901902471609886,1497
2024-11-04,0.1988738011695906,1710
2024-11-05,0.2231987357013846,1661
2024-11-06,0.2194266922540125,2866
2024-11-07,0.2293503256621797,2303
2024-11-08,0.250235987002437,2462
2024-11-09,0.2265583715012722,1965
2024-11-10,0.2422342659205968,3753
2024-11-11,0.2249370519939424,5943
2024-11-12,0.2266492737003058,5232
2024-11-13,0.230385392123864,5942
2024-11-14,0.2395487220447284,5008
2024-11-15,0.1890077669902912,4326
2024-11-16,0.2250733021077283,3416
2024-11-17,0.2053919474585951,3502
2024-11-18,0.1916294951923077,4160
2024-11-19,0.2326528472222222,4320
2024-11-20,0.2284212585812357,4370
2024-11-21,0.2455000845665962,7095
2024-11-22,0.2201742023082145,5892
2024-11-23,0.2422563545513795,4603
2024-11-24,0.2350005072783414,4534
2024-11-25,0.2300057482415717,4123
2024-11-26,0.2182011513502198,4777
2024-11-27,0.2393366233031674,3536
2024-11-28,0.2194379223239659,3167
2024-11-29,0.2049252838758516,3963
2024-11-30,0.1961414703377803,3523
2024-12-01,0.2370866141732283,3302
2024-12-02,0.1969350344827586,3625
2024-12-03,0.2176935765009683,3098
2024-12-04,0.2290980850534693,4021
2024-12-05,0.2438215254448177,8037
2024-12-06,0.2223877030162412,5603
2024-12-07,0.2127212109298211,5087
2024-12-08,0.2590778332501248,4006
2024-12-09,0.2493262205156335,3646
2024-12-10,0.2161199636611401,4403
2024-12-11,0.2228222707423581,4351
2024-12-12,0.2241905251141552,4380
2024-12-13,0.1893457055932599,4273
2024-12-14,0.2344621967963386,4370
2024-12-15,0.2245067013287117,5193
2024-12-16,0.2254838951310861,4806
2024-12-17,0.2369611082474226,3880
2024-12-18,0.1907329256115826,4006
2024-12-19,0.2105594528578407,4094
2024-12-20,0.193945078420768,3698
2024-12-21,0.1789592492390936,2957
2024-12-22,0.1997754921928038,2946
2024-12-23,0.2128466968011126,2876
2024-12-24,0.1963169397217929,3235
2024-12-25,0.2181119115323854,3165
2024-12-26,0.2246418050767784,3191
2024-12-27,0.2113037324145851,3483
2024-12-28,0.2614893076248904,3423
2024-12-29,0.1944913969571231,3615
2024-12-30,0.2261293387382822,3947
2024-12-31,0.2604993876983023,3593
2025-01-01,0.2536825091949325,2447
2025-01-02,0.2576737049378976,3301
2025-01-03,0.2401768500418877,3581
2025-01-04,0.2372588201438849,3475
2025-01-05,0.233779562243502,3655
2025-01-06,0.2095895440729483,3290
2025-01-07,0.2114901365705614,3295
2025-01-08,0.197604964539007,3102
2025-01-09,0.1963094386351128,3634
2025-01-10,0.1986447078464107,2995
2025-01-11,0.1565253395282344,2798
2025-01-12,0.2023933503836317,2346
2025-01-13,0.1715163784973279,3181
2025-01-14,0.1895780329123612,2613
2025-01-15,0.2012443818362612,3017
2025-01-16,0.1972823451473998,3019
2025-01-17,0.1719361269324654,3687
2025-01-18,0.2241053082191781,2920
2025-01-19,0.1908775580068467,2629
2025-01-20,0.1828746603475513,3165
2025-01-21,0.2078770019218449,3122
2025-01-22,0.2404459800469483,3408
2025-01-23,0.2239624460874922,3246
2025-01-24,0.2016103148751357,2763
2025-01-25,0.24543820861678,2646
2025-01-26,0.2188591943957968,2855
2025-01-27,0.1929329041487839,4194
2025-01-28,0.2329880300957592,2924
2025-01-29,0.2384104395604395,3276
2025-01-30,0.2401348968635207,3539
2025-01-31,0.2363871583676526,2671
2025-02-01,0.2474689845910707,2531
2025-02-02,0.1680120313862249,3441
2025-02-03,0.1682751334858886,3933
2025-02-04,0.1988461784713885,2499
2025-02-05,0.2674825191905094,2866
2025-02-06,0.2616414323962516,2988
2025-02-07,0.197860883280757,2853
2025-02-08,0.2076111901937525,2529
2025-02-09,0.2016191152597402,2464
2025-02-10,0.2046298323036187,2266
2025-02-11,0.2337743990843189,2621
2025-02-12,0.2258620592383639,2127
2025-02-13,0.2337984700973574,2157
2025-02-14,0.2085880136986301,2044
2025-02-15,0.1841431085043988,2046
2025-02-16,0.2101151624548736,1939
2025-02-17,0.2174411922904527,2231
2025-02-18,0.179512275317843,2281
2025-02-19,0.1781563438632832,1931
2025-02-20,0.2192387140287769,2224
2025-02-21,0.1851634146341463,2460
2025-02-22,0.1885505781799899,1989
2025-02-23,0.2032792819305474,1699
2025-02-24,0.2012345631891433,2358
2025-02-25,0.1840478981984558,3497
2025-02-26,0.1700028115942029,3450
2025-02-27,0.1637749574105622,2935
2025-02-28,0.1672515596880624,3334
2025-03-01,0.1803127974854063,2227
2025-03-02,0.2105933209647495,3234
2025-03-03,0.2103754207436399,2555
2025-03-04,0.1708938049853372,2728
2025-03-05,0.2121014304291287,2307
2025-03-06,0.2506285812435589,2911
2025-03-07,0.2030156961276973,3383
2025-03-08,0.2082200642054574,2492
2025-03-09,0.2100085289256198,3025
2025-03-10,0.1915394021073266,4081
2025-03-11,0.1640544597778525,2971
2025-03-12,0.1614734735973597,2424
2025-03-13,0.2221405882352941,2040
2025-03-14,0.1804398474391572,2753
2025-03-15,0.1674196721311475,2257
2025-03-16,0.2009911014911015,2079
2025-03-17,0.1850255119453925,2344
2025-03-18,0.1682041493775933,2169
2025-03-19,0.2139812193794229,1837
2025-03-20,0.2135278030616467,2417
2025-03-21,0.2316765860337745,2191
2025-03-22,0.1786375461254612,2168
2025-03-23,0.177243537735849,2120
2025-03-24,0.188598672356567,2109
2025-03-25,0.171670310391363,2223
2025-03-26,0.1916037053374503,2267
2025-03-27,0.2246313554708764,1837
2025-03-28,0.1870010273972602,2044
2025-03-29,0.1871117224880382,1672
2025-03-30,0.2063761336515513,1676
2025-03-31,0.2057664596273292,1610
2025-04-01,0.1959602288984263,1398
2025-04-02,0.2407665324899367,1739
2025-04-03,0.184167987804878,1968
2025-04-04,0.1727806860158311,1895
2025-04-05,0.2172178867403315,1448
2025-04-06,0.1926549036043587,2386
2025-04-07,0.1335594361785435,2554
2025-04-08,0.1836296770262035,1641
2025-04-09,0.192223229750382,1963
2025-04-10,0.1918507665094339,1696
2025-04-11,0.2290670797413793,1856
2025-04-12,0.2270948051948051,1617
2025-04-13,0.2700148148148148,1296
2025-04-14,0.1653895366218236,1338
2025-04-15,0.1803155974842767,1590
2025-04-16,0.1681327852516193,2007
2025-04-17,0.2130726420620972,1707
2025-04-18,0.2344112336319779,1451
2025-04-19,0.2206407742998352,1214
2025-04-20,0.1930986026200873,1145
2025-04-21,0.2333169438669438,1924
2025-04-22,0.2056185638514892,2451
2025-04-23,0.2301826775431861,2084
2025-04-24,0.1677577723970944,2065
2025-04-25,0.1986096270598439,2306
2025-04-26,0.2329918594687232,2334
2025-04-27,0.2147196248196248,2079
2025-04-28,0.2422836547733847,2074
2025-04-29,0.1791894182317911,2183
2025-04-30,0.1835281103286385,1704
2025-05-01,0.2118338805289557,2193
2025-05-02,0.2224233902249806,2578
2025-05-03,0.2389946204423191,1673
2025-05-04,0.2069065482796892,1802
2025-05-05,0.2252171585792896,1999
2025-05-06,0.1896644982349975,1983
2025-05-07,0.1811214285714285,2380
2025-05-08,0.1965171632526381,3222
2025-05-09,0.202326311728395,2592
2025-05-10,0.1687928796223446,2542
2025-05-11,0.209669592875318,2358
2025-05-12,0.2030569274653627,2454
2025-05-13,0.2105435072142064,2703
2025-05-14,0.228422268907563,2380
2025-05-15,0.1749617305976806,2242
2025-05-16,0.2290925863521483,2374
2025-05-17,0.2098043436754176,2095
2025-05-18,0.2356067562067562,2457
2025-05-19,0.2246150971599402,2676
2025-05-20,0.2286799301242236,2576
2025-05-21,0.2307484685822545,3167
2025-05-22,0.2142192540933899,3298
2025-05-23,0.1992281803542673,2484
2025-05-24,0.2617697339729611,2293
2025-05-25,0.2373033747214263,3141
2025-05-26,0.2161776201225411,3101
2025-05-27,0.1891471792890262,2588
2025-05-28,0.191252866690116,2843
2025-05-29,0.1930270768161279,2877
2025-05-30,0.175708152173913,2392
2025-05-31,0.2140075381263616,2295
2025-06-01,0.2049806649616368,1955
2025-06-02,0.2016447619047619,2100
2025-06-03,0.2179478345688646,2563
2025-06-04,0.2484411570247934,2420
2025-06-05,0.2249242046163443,3206
2025-06-06,0.1845786722425509,1913
2025-06-07,0.1777436469962785,1881
2025-06-08,0.21214955,2000
2025-06-09,0.1778085881860075,2387
2025-06-10,0.206757329598506,2142
2025-06-11,0.2298757276995305,2130
2025-06-12,0.184634318482576,2267
2025-06-13,0.1328209627329192,1932
2025-06-14,0.1743878723404255,1880
2025-06-15,0.2034967006307617,2061
2025-06-16,0.1699475589910496,2458
2025-06-17,0.1942438535645472,2595
2025-06-18,0.1947987336244541,2290
2025-06-19,0.1913898273962541,2723
2025-06-20,0.2018368640533778,2398
2025-06-21,0.1541756756756756,1998
2025-06-22,0.1667668267306923,2499
2025-06-23,0.1752718962322421,1619
2025-06-24,0.1750315257841573,1881
2025-06-25,0.2599172224567327,2369
2025-06-26,0.2402502431906615,2056
2025-06-27,0.2067005865102639,2046
2025-06-28,0.1782731070496083,1532
2025-06-29,0.1968173457508731,1718
2025-06-30,0.2066549081129538,2231
2025-07-01,0.2113247805885389,1937
2025-07-02,0.2234149415331312,2309
2025-07-03,0.2092509601873536,2135
2025-07-04,0.2083215196894065,1803
2025-07-05,0.2157918858671422,2243
2025-07-06,0.2076581360201511,1985
2025-07-07,0.2367419392523364,1712
2025-07-08,0.2270429649595687,1855
2025-07-09,0.1890356508875739,2028
2025-07-10,0.2039434948604992,3405
2025-07-11,0.2001183760683761,3510
2025-07-12,0.2044902830188679,3180
2025-07-13,0.2083421717171717,3168
2025-07-14,0.1879005393071977,4821
2025-07-15,0.175909037433155,3740
2025-07-16,0.2261038449515473,3199
2025-07-17,0.212442832995267,2958
2025-07-18,0.2205714064436183,3228
2025-07-19,0.2640012838801712,3505
2025-07-20,0.2333045947901592,2764
2025-07-21,0.2333577356970185,2482
2025-07-22,0.2228464285714285,2688
2025-07-23,0.2283073161340007,2597
2025-07-24,0.2283467263115087,2459
2025-07-25,0.2150219201359388,2354
2025-07-26,0.1780020433694745,2398
2025-07-27,0.20867990430622,2508
2025-07-28,0.2293865683865684,2442
2025-07-29,0.2242411223551057,2174
2025-07-30,0.1971943704340352,2327
2025-07-31,0.1973018439716312,2115
2025-08-01,0.1823175681171207,2459
2025-08-02,0.1849122237893747,2127
2025-08-03,0.1953510771992818,2228
2025-08-04,0.2503619963369963,2184
2025-08-05,0.2218127931769723,2345
2025-08-06,0.2571712315270936,2030
2025-08-07,0.2029453635176316,2297
2025-08-08,0.1712960365853658,1968
2025-08-09,0.2058766752577319,1552
2025-08-10,0.2238609261385381,2613
2025-08-11,0.2165970014992503,2668
2025-08-12,0.2401792253521126,2272
2025-08-13,0.2007641168886978,2327
2025-08-14,0.2127764830508474,2832
2025-08-15,0.2177267286461359,1721
2025-08-16,0.1908122071516645,1622
2025-08-17,0.2974536458333333,1920
2025-08-18,0.2174419758605274,2237
2025-08-19,0.1996824434002563,2341
2025-08-20,0.2226855693868142,2169
2025-08-21,0.1752839035333707,1783
2025-08-22,0.1851760551608859,2393
2025-08-23,0.2015256452498627,1821
2025-08-24,0.1682343172234836,3083
2025-08-25,0.181388053270662,2553
2025-08-26,0.1860951807228915,2490
2025-08-27,0.2261491329479768,2076
2025-08-28,0.2072336424957841,2372
2025-08-29,0.2001977384093479,2653
2025-08-30,0.212123493670886,1975
2025-08-31,0.2407868045297883,2031
2025-09-01,0.196317157622739,1935
2025-09-02,0.2057782954545454,1760
2025-09-03,0.2114287783375315,1588
2025-09-04,0.2208307792207792,2310
2025-09-05,0.2476059807611877,2391
2025-09-06,0.2561947163515016,1798
2025-09-07,0.2215813939016801,1607
2025-09-08,0.2199096651926721,1583
2025-09-09,0.2115545143972669,2049
2025-09-10,0.2238155456852791,1576
2025-09-11,0.2166284919309961,1797
2025-09-12,0.2271546909090909,1375
2025-09-13,0.1957038580246913,1296
2025-09-14,0.284104531085353,1898
2025-09-15,0.2692830943847072,1674
2025-09-16,0.2383505238649592,1718
2025-09-17,0.2018973913043478,1725
2025-09-18,0.2130174582798459,1558
2025-09-19,0.233399603624009,1766
2025-09-20,0.2126149909692956,1661
2025-09-21,0.2081467961165048,1545
2025-09-22,0.2118327167630057,1730
2025-09-23,0.2234641772920461,1647
2025-09-24,0.2197786305492851,1329
2025-09-25,0.2045405660377358,1590
2025-09-26,0.2036215189873417,1501
2025-09-27,0.1880849933598938,1506
2025-09-28,0.2165249796582587,1229
2025-09-29,0.2034275944811037,1667
2025-09-30,0.1841205789804908,1589
2025-10-01,0.2332815718157181,1476
2025-10-02,0.2336167294244217,1859
2025-10-03,0.2145252252252252,1887
2025-10-04,0.1849348387096774,2015
2025-10-05,0.1865441821247892,2372
2025-10-06,0.2218418783679753,2598
2025-10-07,0.2158505231037489,2294
2025-10-08,0.223494771601541,1817
2025-10-09,0.1676260133091349,1653
2025-10-10,0.1630662882696938,2907
2025-10-11,0.1305427742470295,3619
2025-10-12,0.1405254012841091,2492
2025-10-13,0.1592220751720487,1889
2025-10-14,0.1318195062923524,2066
2025-10-15,0.1669151465798045,1842
2025-10-16,0.1784101162790697,2580
2025-10-17,0.1711078552515446,3399
2025-10-18,0.2291002583979328,2322
2025-10-19,0.1971874386653582,2038
2025-10-20,0.2180504978662873,1406
2025-10-21,0.2025084260731319,1887
2025-10-22,0.1711202983138781,1542
2025-10-23,0.1593173156207054,2183
2025-10-24,0.2412164196799051,1687
2025-10-25,0.2367732463295269,2452
2025-10-26,0.2371601737540009,2187
2025-10-27,0.198420995423341,1748
2025-10-28,0.2239336789713811,2411
2025-10-29,0.1749767080745341,1932
2025-10-30,0.206861665804449,1933
2025-10-31,0.2398535202086049,1534
2025-11-01,0.2400409785932722,1308
2025-11-02,0.2093606484424666,1573
2025-11-03,0.1837055784179241,2187
2025-11-04,0.1509618135736412,3551
2025-11-05,0.1735705798648168,2811
2025-11-06,0.161377056469542,2249
2025-11-07,0.1508434092112228,1889
2025-11-08,0.1775226415094339,1643
2025-11-09,0.1737479811221814,1907
2025-11-10,0.2019343612334802,1816
2025-11-11,0.1475796769150599,1919
2025-11-12,0.1829035992217899,2056
2025-11-13,0.1732584371460928,2649
2025-11-14,0.1757862989767906,4007
2025-11-15,0.1645642681123706,2029
2025-11-16,0.1509375233819678,2673
2025-11-17,0.1879781792419411,2823
2025-11-18,0.149499355027851,3411
2025-11-19,0.1706110074626865,2680
2025-11-20,0.1641234325829097,4131
2025-11-21,0.1453461812990721,5604
2025-11-22,0.1767900450919181,2883
2025-11-23,0.1671566390041493,2410
2025-11-24,0.1506240357478833,2126
2025-11-25,0.1451163134549039,2029
2025-11-26,0.1993606167400881,2270
2025-11-27,0.2089281437125748,1670
2025-11-28,0.2200622516556291,1510
2025-11-29,0.2423551699716713,1412
2025-11-30,0.1830511984021305,1502
2025-12-01,0.1589632175502742,2735
2025-12-02,0.1781384721583065,2173
2025-12-03,0.1959608468374281,1913
2025-12-04,0.1752676707907477,1859
2025-12-05,0.152720202020202,1782
2025-12-06,0.1495715201465201,2184
2025-12-07,0.1281252076209086,2047
2025-12-08,0.1241050571944611,1661
2025-12-09,0.1774859720605355,1718
2025-12-10,0.2035110610932476,1555
2025-12-11,0.1939045991298943,1609
2025-12-12,0.1757796284007962,1507
2025-12-13,0.2355349809885931,1315
2025-12-14,0.2169127388535031,1727
2025-12-15,0.1629391829929137,2399
2025-12-16,0.1899088249876053,2017
2025-12-17,0.1639739248528746,2209
2025-12-18,0.1604356589147287,2064
2025-12-19,0.1756770977917981,1585
2025-12-20,0.1858046143250688,1452
2025-12-21,0.1480239520958084,1503
2025-12-22,0.1940796514896009,1779
2025-12-23,0.1972984596426371,1623
2025-12-24,0.2695328299409061,1523
2025-12-25,0.2278203414996288,1347
2025-12-26,0.1986176997245179,1452
2025-12-27,0.2070433470507544,1458
2025-12-28,0.1975603990790483,1303
2025-12-29,0.1493932367149758,1863
2025-12-30,0.2119928652321631,1766
2025-12-31,0.1672611447811448,1485
2026-01-01,0.1290534603174603,1575
2026-01-02,0.1699668911335577,1782
2026-01-03,0.1292543884892086,1390
2026-01-04,0.0947688458972648,1499
2026-01-05,0.1273382849109653,2134
2026-01-06,0.1921858338699291,1553
2026-01-07,0.2219086905460951,1703
2026-01-08,0.1825900392156862,1275
2026-01-09,0.1899352331606217,1158
2026-01-10,0.2105498777506112,818
2026-01-11,0.2504846350832266,781
2026-01-12,0.2021858458961474,1194
2026-01-13,0.1740368718592965,1592
2026-01-14,0.1961604745078243,1981
2026-01-15,0.1649658327847268,1519
2026-01-16,0.1898814194577352,1254
2026-01-17,0.1688592987804878,1312
2026-01-18,0.1660268710550045,1109
2026-01-19,0.1612828967642527,1298
2026-01-20,0.1813803448275862,1450
2026-01-21,0.2178885901162791,1376
2026-01-22,0.1930899074074074,1080
2026-01-23,0.2007186078566506,1451
2026-01-24,0.2204921980495124,1333
2026-01-25,0.1841151849806736,1811
2026-01-26,0.2079406324110672,1265
2026-01-27,0.2408091639871382,1244
2026-01-28,0.2142761607142857,1120
2026-01-29,0.1464042780748663,1496
2026-01-30,0.1645423814328961,1982
2026-01-31,0.1416678366520418,2963
2026-02-01,0.1840296747967479,1968
2026-02-02,0.1762304967602591,2315
2026-02-03,0.1777564769161811,2231
2026-02-04,0.1363966178128523,2661
2026-02-05,0.1295210333037862,7897
2026-02-06,0.1617143877336694,4761
2026-02-07,0.1677922554347826,2208
2026-02-08,0.1695037998733375,1579
2026-02-09,0.2064352542372881,1475
2026-02-10,0.1802251469627694,1531
2026-02-11,0.2189003850385038,1818
2026-02-12,0.1565652595155709,1445
2026-02-13,0.1694360920970752,1607
2026-02-14,0.2052024707412224,1538
2026-02-15,0.1833694254445964,1462
2026-02-16,0.2175120481927711,1162
2026-02-17,0.1862646537396121,1805
2026-02-18,0.1397098613251155,1298
2026-02-19,0.1569125367286973,1021
2026-02-20,0.1746510832383124,877
2026-02-21,0.1935370984455958,965
2026-02-22,0.1907199606686332,1017
2026-02-23,0.1875041575492341,1371
2026-02-24,0.1691673133450911,1701
2026-02-25,0.1439112288135593,1888
2026-02-26,0.2153888215488215,1485
2026-02-27,0.2531772004241782,943
2026-02-28,0.1744117579908675,876
2026-03-01,0.1681059371362049,859
2026-03-02,0.2201451327433628,1130
2026-03-03,0.1830619047619048,945
2026-03-04,0.1805101047904191,1336
2026-03-05,0.1954205516014235,1124
2026-03-06,0.1955304250559284,894
2026-03-07,0.2297907010014306,699
2026-03-08,0.2616026460859978,907
2026-03-09,0.1853597736625514,972
2026-03-10,0.2107460167714885,954
2026-03-11,0.2344719086021505,744
2026-03-12,0.2170618915159944,719
2026-03-13,0.2091039094650205,972
2026-03-14,0.2410686684073106,766
2026-03-15,0.2042792828685258,753
2026-03-16,0.2121548507462686,1072
2026-03-17,0.1924216721672167,909
2026-03-18,0.2614992816091954,696
2026-03-19,0.2056138769670958,699
2026-03-20,0.1840105511811023,635
2026-03-21,0.1500380869565217,575
2026-03-22,0.2196313753581662,698
2026-03-23,0.1848516613076098,933
2026-03-24,0.2208410316529894,853
2026-03-25,0.2325082644628099,847
2026-03-26,0.226066370699223,901
2026-03-27,0.194743376068376,936
2026-03-28,0.166182602118003,661
2026-03-29,0.2025786795048143,727
2026-03-30,0.2152144516129032,775
2026-03-31,0.1783381688466112,841
2026-04-01,0.2502508245877061,667
2026-04-02,0.2196808486238532,872
2026-04-03,0.2555702941176471,680
2026-04-04,0.1969843706777316,723
2026-04-05,0.2452441011235955,712
2026-04-06,0.2335002380952381,840
2026-04-07,0.230298347107438,726
2026-04-08,0.1767912322274881,844
2026-04-09,0.1470881638846737,659
2026-04-10,0.1503899014778325,812
2026-04-11,0.1363581504702194,638
2026-04-12,0.169508422459893,748
2026-04-13,0.1872315249266862,682
2026-04-14,0.18269797008547,936
2026-04-15,0.1956712592592592,675
2026-04-16,0.1214867143993635,1257
2026-04-17,0.13938500331785,1507
2026-04-18,0.2046627906976744,1376
2026-04-19,0.1867475728155339,1133
2026-04-20,0.174559726443769,1316
2026-04-21,0.1651349295774647,1420
2026-04-22,0.1633210150107219,1399
2026-04-23,0.2340705091258405,1041
2026-04-24,0.2101443509615384,832
2026-04-25,0.2002405594405594,572
2026-04-26,0.2136623423423423,555
2026-04-27,0.2062343137254902,816
2026-04-28,0.1841485387547649,787
2026-04-29,0.21387075,800
2026-04-30,0.2017843585237258,569
2026-05-01,0.2077417647058823,680
2026-05-02,0.2217969613259668,724
2026-05-03,0.230746314325452,719
2026-05-04,0.20763981264637,854
2026-05-05,0.2129914539400666,901
2026-05-06,0.1881,818
2026-05-07,0.1605,709
2026-05-08,0.1948,701
2026-05-09,0.197,574
2026-05-10,0.162,585
2026-05-11,0.1874,758
2026-05-12,0.1954,882
2026-05-13,0.2148,688
2026-05-14,0.2163,781
2026-05-15,0.1935,707
2026-05-16,0.1723,659
2026-05-17,0.1626,608
2026-05-18,0.1716,779
2026-05-19,0.1232,953
2026-05-20,0.1664,909
2026-05-21,0.2118,678
2026-05-22,0.2158,695
2026-05-23,0.1351,659
2026-05-24,0.1965,683
2026-05-25,0.2519,544
2026-05-26,0.1366,490
2026-05-27,0.1709,500
2026-05-28,0.1797,713
2026-05-29,0.1787,642
2026-05-30,0.1867,445
2026-05-31,0.2096,447
2026-06-01,0.1511,1217
2026-06-02,0.1765,1769
2026-06-03,0.1467,1739
2026-06-04,0.1363,2193
2026-06-05,0.1601,2780
2026-06-06,0.1827,2089
2026-06-07,0.161,1929
2026-06-08,0.1817,1517
2026-06-09,0.1602,1489
2026-06-10,0.1906,1501
2026-06-11,0.1925,1160
2026-06-12,0.1813,1055
2026-06-13,0.1803,1004
2026-06-14,0.1767,998
2026-06-15,0.1491,930
2026-06-16,0.1728,894
2026-06-17,0.1232,938
2026-06-18,0.1777,1132
2026-06-19,0.172,1077
2026-06-20,0.1497,1243
2026-06-21,0.1624,721
2026-06-22,0.1278,809
2026-06-23,0.1764,816
2026-06-24,0.1672,1865
2026-06-25,0.1505,1769
2026-06-26,0.1545,1213
2026-06-27,0.1581,1294
2026-06-28,0.1107,974
2026-06-29,0.1473,1746
2026-06-30,0.1529,1387
2026-07-01,0.1204,1669
2026-07-02,0.1783,1208
2026-07-03,0.1571,1070
2026-07-04,0.1877,851
2026-07-05,0.2078,851
2026-07-06,0.176,884
2026-07-07,0.1727,902
2026-07-08,0.1807,585
2026-07-09,0.1793,927
2026-07-10,0.1429,817
2026-07-11,0.1786,751
2026-07-12,0.1711,664
2026-07-13,0.1697,880
2026-07-14,0.105,939
2026-07-15,0.176,914
2026-07-16,0.1511,874
2026-07-17,0.1296,985
2026-07-18,0.1761,1039
2026-07-19,0.1686,1159
2026-07-20,0.1615,772
2026-07-21,0.1582,785
2026-07-22,0.1392,946
2026-07-23,0.1892,693
2026-07-24,0.1846,603
2026-07-25,0.1629,818
2026-07-26,0.2033,853
2026-07-27,0.1765,661
2026-07-28,0.1927,725
2026-07-29,0.1853,703
2026-07-30,0.1807,1598
2026-07-31,0.1086,3143
2026-08-01,0.0655,6161
2026-08-02,0.0803,6239
2026-08-03,0.0942,4845
2026-08-04,0.0893,3970
2026-08-05,0.102,2660
2026-08-06,0.1001,2008
2026-08-07,0.0864,2078
2026-08-08,0.0452,1864
2026-08-09,0.0957,1224
2026-08-10,0.0974,1685
2026-08-11,0.1294,1409
2026-08-12,0.0797,1526
2026-08-13,0.0798,1501
2026-08-14,0.1301,1430
2026-08-15,0.1623,1680
2026-08-16,0.1114,1188
2026-08-17,0.1613,1286
2026-08-18,0.1384,1388
2026-08-19,0.1475,1996
2026-08-20,0.1549,2651
2026-08-21,0.1607,3435
2026-08-22,0.1399,1851
2026-08-23,0.1329,1300
2026-08-24,0.1568,2201
2026-08-25,0.1479,2019
2026-08-26,0.1465,1568
2026-08-27,0.131,1593
2026-08-28,0.1377,1606
2026-08-29,0.1351,1339
2026-08-30,0.1381,1237
2026-08-31,0.1692,1115
2026-09-01,0.1739,1197
2026-09-02,0.0959,1317
2026-09-03,0.1514,1376
2026-09-04,0.1493,1252
2026-09-05,0.1478,705
2026-09-06,0.1787,793
